{"train/explained_variance":0.16518056,"rollout/ep_rew_mean":0.55,"rollout/ep_len_mean":43.02,"_wandb":{"runtime":340},"train/clip_fraction":0.09067383,"train/value_loss":0.067173064,"_timestamp":1.7508885140128994e+09,"_step":23,"train/learning_rate":0.0003,"train/policy_gradient_loss":-0.004055135,"global_step":40960,"train/approx_kl":0.006897065,"time/fps":160,"train/loss":0.029312914,"train/entropy_loss":-0.79580975,"_runtime":261.925429357,"train/clip_range":0.2}