{"train/clip_range":0.2,"train/policy_gradient_loss":-0.0012629995,"_timestamp":1.7508932686162987e+09,"rollout/ep_len_mean":19.08,"_runtime":4638.788304482,"train/approx_kl":0.002312354,"rollout/ep_rew_mean":0.98,"train/value_loss":0.0036580132,"time/fps":142,"train/loss":0.01410049,"train/explained_variance":0.056992352,"train/clip_fraction":0.022753906,"train/learning_rate":0.0003,"_wandb":{"runtime":4645},"global_step":661504,"train/entropy_loss":-0.14884907,"_step":3866}